Date,AAPL,AMZN,GOOG,IBM,INTC,META,ORCL,NVDA,MSFT,TSLA
6/7/2021,,,23850000,,,20136700,10445600,,,
6/8/2021,74403800,68334000,25060000,5313785,0,0,10726800,0,0,0
6/9/2021,0,49110000,0,5547252,0,0,0,0,0,0
6/10/2021,0,69530000,31234000,0,26738100,13240200,0,28777200,24563600,71758800
6/11/2021,53522400,0,0,3596462,18119700,0,11066500,41630800,0,0
6/14/2021,96906500,51394000,22550000,0,21784500,12250800,0,32137600,19150500,61272000
6/15/2021,0,0,0,0,0,0,0,0,0,0
6/16/2021,0,84056000,0,0,0,0,0,30712400,0,66432300
6/17/2021,96721700,102730000,25756000,0,21498800,17794100,14836100,80965600,27565500,68104200
6/18/2021,0,104954000,0,0,0,0,0,0,0,73682700
6/21/2021,79663300,0,26256000,4482633,19254600,11337500,8924300,0,26696100,0
6/22/2021,74783600,66902000,20984000,0,0,15345300,9845800,58014400,24694100,57476700
6/23/2021,0,0,0,0,0,14817800,0,33235600,0,93297600
6/24/2021,0,0,18934000,0,21209700,12329100,0,0,21446900,137947200
6/25/2021,0,0,33484000,3759533,0,0,12845000,0,0,0
6/28/2021,62111300,44856000,0,0,22480900,29156100,5605400,49543600,19590000,64884600
6/29/2021,64556100,41968000,0,2540211,0,0,0,36763200,19937800,0
6/30/2021,63261400,0,0,3394375,0,0,7899800,32656800,21656500,0
7/1/2021,52485800,0,17120000,0,0,17137000,13108000,48013600,16725300,0
7/2/2021,78852600,63388000,21160000,0,17219400,0,15258100,34276400,26458000,0
7/6/2021,108181800,134896000,21350000,0,0,0,14200400,0,0,0
7/7/2021,104911600,0,0,4246446,0,0,20976600,0,23260000,0
7/8/2021,105575500,103612000,19780000,5739820,19162000,0,16383300,50330000,24618600,68319900
7/9/2021,99890800,0,15106000,4083689,18708000,13018700,15685300,29662400,23916700,54421500
7/12/2021,0,0,16944000,0,15392800,10018600,0,32198400,0,77781000
7/13/2021,100827100,0,16618000,0,15716000,11456000,12789300,0,26120100,0
7/14/2021,127050800,0,17912000,0,0,0,13330500,0,23113700,0
7/15/2021,0,0,0,3807126,0,0,0,0,0,0
7/16/2021,0,0,14856000,0,0,0,14617500,0,0,0
7/19/2021,0,75692000,0,8977086,27007700,0,15619900,74906000,0,63891300
7/20/2021,96350000,65114000,19084000,0,19867000,11024300,12813900,0,26259700,46461300
7/21/2021,0,46380000,14742000,5024984,18497200,9279700,13108100,37101700,24364300,0
7/22/2021,77338200,65308000,13608000,0,0,12385400,13638900,0,23384100,0
7/23/2021,71447400,48726000,26378000,4680013,0,33694300,0,0,22768100,0
7/26/2021,72434100,58002000,23052000,4441630,32881200,14925200,10454100,0,23176100,76009800
7/27/2021,0,0,0,3281302,39878000,0,8465200,0,0,0
7/28/2021,118931200,0,0,0,28478800,0,0,20219100,0,0
7/29/2021,56699500,0,19284000,0,16886600,0,0,19078100,18168300,91183800
7/30/2021,70440600,0,0,0,16465700,15976200,0,18349700,0,88969200
8/2/2021,0,0,20140000,0,0,0,0,21744400,0,100847400
8/3/2021,64786600,83146000,19064000,4272596,16375900,0,9889800,30181100,17879000,0
8/4/2021,0,0,0,0,0,14180600,7509900,23130900,16191300,0
8/5/2021,46397700,48670000,11866000,0,0,10247200,0,21143500,13900200,0
8/6/2021,0,0,13560000,4002833,19256000,8925000,6513900,0,16589300,0
8/9/2021,0,0,12374000,0,0,0,5798700,0,0,44145900
8/10/2021,0,0,16034000,5543695,0,0,5473300,0,0,0
8/11/2021,0,0,0,4455960,0,0,0,0,0,0
8/12/2021,72282600,46282000,14646000,2184780,0,7170700,5687200,15165200,14561300,52377300
8/13/2021,59375000,0,12580000,1997965,0,7195700,0,18306300,18249000,0
8/16/2021,103296000,66394000,18040000,2913319,17690300,11222100,7122800,0,22507600,0
8/17/2021,0,0,0,0,0,0,0,0,20075300,0
8/18/2021,0,0,0,0,0,0,0,0,0,61048200
8/19/2021,86960300,0,18296000,0,22999400,12004500,8099400,76655500,29850500,0
8/20/2021,60549600,0,15564000,2780059,0,8697700,8716400,67574100,40817600,0
8/23/2021,60131800,65362000,21090000,0,23976300,10942000,0,57580700,22830200,60794700
8/24/2021,48606400,51036000,15126000,2474418,20348800,9235100,0,29729900,0,0
8/25/2021,0,0,12838000,0,0,9684500,5748500,34770100,0,37936800
8/26/2021,0,41976000,0,0,0,0,0,0,0,0
8/27/2021,55802400,48048000,24562000,2572637,16525000,11219100,5426800,30472200,22605700,41501400
8/30/2021,90956700,63844000,16916000,0,0,13547300,0,0,16348100,55812600
8/31/2021,0,87128000,0,4429915,0,0,0,0,0,62566200
9/1/2021,0,0,15824000,0,0,11567200,8208000,0,0,39612900
9/2/2021,0,0,0,2840413,0,0,0,0,0,0
9/3/2021,57808700,51514000,19104000,0,13456200,7509600,8456900,28053200,14747900,45738300
9/7/2021,82278300,54758000,15170000,0,13915000,10793800,0,0,0,60119400
9/8/2021,0,61068000,0,3122728,0,0,8851200,0,15046800,0
9/9/2021,0,0,14798000,0,0,9098900,0,0,0,42233100
9/10/2021,0,0,0,0,0,0,10547400,24837600,0,0
9/13/2021,0,0,20176000,0,22639200,0,0,0,0,68857500
9/14/2021,0,0,0,0,0,0,22714200,0,21853400,55574700
9/15/2021,83281300,59150000,20648000,3403579,18796200,0,14951100,16653800,28356300,46073100
9/16/2021,68034100,51672000,0,0,0,11934200,0,15603300,19550800,41770200
9/17/2021,0,0,0,0,0,0,58069000,0,0,84612600
9/20/2021,0,0,34918000,4990152,0,0,13897700,0,0,0
9/21/2021,0,0,0,0,0,0,11124400,0,0,48992100
9/22/2021,76404300,48228000,22068000,3767901,18594100,0,9908000,26872600,26626300,45378900
9/23/2021,64838200,47588000,17272000,3151807,16474300,21806300,9720200,24855500,18604600,0
9/24/2021,53477900,42324000,14950000,3100762,12976200,18801900,7617800,21765500,14999000,64119000
9/27/2021,0,72690000,0,3459017,13899900,15205800,11533000,0,0,84212100
9/28/2021,0,0,0,0,0,0,0,0,0,0
9/29/2021,74602000,0,0,3947499,0,0,12007300,0,0,62828700
9/30/2021,0,0,0,0,0,0,0,0,0,0
10/1/2021,94639600,0,28388000,6907889,19895100,14905300,13320900,0,30086300,0
10/4/2021,0,0,0,7689251,0,0,0,0,0,0
10/5/2021,80861100,65384000,24126000,0,18129400,35377900,9788600,27928200,24993000,0
10/6/2021,83221100,50660000,19764000,0,20059600,26443000,10268300,29720200,28002600,43898400
10/7/2021,61732700,48182000,18250000,0,0,0,9124400,0,0,57587400
10/8/2021,0,0,18924000,3902940,0,0,13202300,0,0,0
10/11/2021,64452200,0,0,0,0,0,12959300,16338800,19298600,42600900
10/12/2021,0,0,0,0,0,31658700,0,0,0,66060000
10/13/2021,0,48402000,16380000,3013003,0,0,9453900,18065200,23416300,42360300
10/14/2021,69907100,0,21426000,4410668,26586700,14302200,0,24358900,27262900,36741600
10/15/2021,67940300,103598000,0,3371049,25231100,0,7422800,22699400,25384800,56773800
10/18/2021,85589200,63482000,16564000,0,22407600,21585000,7344100,18949400,22729300,72621600
10/19/2021,76378900,47722000,15316000,4539117,18392900,18786300,5616500,16147300,0,0
10/20/2021,58418800,0,0,6474008,16850300,0,0,0,0,42096300
10/21/2021,61421000,37628000,14850000,0,38390900,16354400,0,18759000,16918100,94444500
10/22/2021,0,0,0,0,0,0,6819600,0,0,68642400
10/25/2021,0,0,0,6667204,0,38409000,0,23023500,0,188556300
10/26/2021,0,53966000,0,0,0,0,0,48589800,0,0
10/27/2021,0,54044000,51850000,0,0,0,0,0,52588700,0
10/28/2021,100077900,114174000,0,6802138,0,50806800,0,23420400,26297900,81639600
10/29/2021,124953200,129722000,28954000,0,42301000,37059400,7578600,29250300,34766000,89755200
11/1/2021,0,0,0,6177153,28013700,31518900,0,26574000,0,168146100
11/2/2021,69122000,0,21150000,0,27193300,0,6229600,29411200,26487100,128213400
11/3/2021,54511500,67944000,17886000,5670784,23962100,20786500,0,0,21500100,103885500
11/4/2021,0,107060000,24700000,0,24806000,22495300,0,115363100,23992200,0
11/5/2021,0,99940000,0,6790500,36816200,26872800,0,0,0,0
11/8/2021,0,0,0,5625300,31647800,0,0,50310100,0,100337100
11/9/2021,56787900,85898000,0,0,0,0,0,0,0,0
11/10/2021,0,0,0,0,0,0,0,63620600,0,128408100
11/11/2021,0,0,0,0,0,0,0,0,16849800,0
11/12/2021,63804000,53788000,17048000,0,0,25414300,0,41305400,23831000,0
11/15/2021,0,58594000,0,0,0,25076600,5700900,0,0,0
11/16/2021,59256200,44342000,0,0,30927800,0,7392900,26448400,20886800,79627200
11/17/2021,88807000,0,0,0,0,0,0,0,19053400,94336200
11/18/2021,137827700,114070000,26658000,0,0,0,0,0,22463500,0
11/19/2021,117305600,0,0,0,0,26488500,0,53386700,21963400,64926900
11/22/2021,0,0,0,6416200,33389600,0,6488200,0,0,0
11/23/2021,96041900,0,0,0,0,0,0,53216300,30427600,0
11/24/2021,69463600,46560000,16464000,3220800,26035800,13566200,10908500,43516200,21661300,67680600
11/26/2021,0,0,0,3322000,0,0,0,0,0,0
11/29/2021,88748200,65312000,26276000,0,31478900,16650900,0,45496400,28563500,58393500
11/30/2021,174048100,0,0,0,0,0,0,0,0,81276000
12/1/2021,0,0,0,0,0,0,0,0,0,0
12/2/2021,136739200,0,21250000,0,37240800,0,7089800,47289000,0,0
12/3/2021,0,0,0,6630100,0,0,0,0,0,0
12/6/2021,107497000,68860000,22198000,4785600,40336000,21758300,8398500,65893800,30032600,81663000
12/7/2021,120405400,66410000,23258000,5194000,0,18794000,6803700,59305300,31021900,56084700
12/8/2021,116998900,45254000,18964000,5483900,0,19937700,0,0,0,41906400
12/9/2021,0,0,0,4601100,0,16879200,0,0,0,0
12/10/2021,115402700,0,0,0,0,0,0,0,38095700,59664300
12/13/2021,0,0,0,0,0,22948700,0,0,0,0
12/14/2021,0,55976000,24778000,5716100,0,20461000,0,66703500,0,70806300
12/15/2021,131063300,75794000,27280000,0,32590300,24681300,14452200,69829700,35381100,75169200
12/16/2021,0,0,0,7280500,33132300,0,0,0,0,0
12/17/2021,195432700,85542000,43404000,10379000,50102300,40012600,0,0,47750300,100437300
12/20/2021,107499100,57372000,20264000,4941400,0,0,0,46184700,0,0
12/21/2021,91185900,55956000,19548000,4856000,31956300,16116800,0,52438500,24740600,71517900
12/22/2021,92135300,55036000,18438000,3923200,23307900,0,0,39518400,24831500,93634200
12/23/2021,68356600,36788000,13818000,3649000,25198200,13987700,0,0,19617800,92713200
12/27/2021,74919600,0,13256000,4293900,20985400,17795000,0,40368600,19947000,71145900
12/28/2021,0,54638000,0,3445200,0,0,0,0,0,0
12/29/2021,62348900,0,17022000,4239900,14174800,0,0,0,15042000,0
12/30/2021,0,0,0,3158100,0,10593300,0,0,0,47040900
12/31/2021,0,0,0,0,0,0,0,0,0,0
1/3/2022,104487900,63520000,25214000,4605900,33857600,14537900,10644400,39154700,0,103931400
1/4/2022,0,0,0,7300000,0,0,11959000,0,0,0
1/5/2022,0,0,0,0,0,0,0,0,0,0
1/6/2022,0,0,29050000,0,0,27962800,7918400,45418600,39646100,0
1/7/2022,0,0,0,0,0,0,9836800,0,0,0
1/10/2022,106765600,87798000,34096000,5432800,49260800,24942400,11025500,59468100,44289500,91815000
1/11/2022,76138300,62806000,23502000,11105300,39795200,16226800,0,40408900,29386800,66063300
1/12/2022,0,0,23642000,5352000,0,0,0,0,0,83739000
1/13/2022,0,0,0,4868300,0,0,0,0,0,0
1/14/2022,80440800,45974000,23826000,0,30151500,16868500,6054800,39583200,39846400,72924300
1/18/2022,0,0,0,0,0,0,0,0,0,66743400
1/19/2022,0,0,0,0,0,20814700,0,0,0,0
1/20/2022,0,0,0,0,0,0,0,0,0,0
1/21/2022,0,0,0,0,0,0,0,0,0,0
1/24/2022,162294600,155624000,55148000,13484000,64198400,38878100,16770400,91398200,85731500,151565700
1/25/2022,115798400,0,0,19715700,0,25108500,0,0,0,86595900
1/26/2022,0,0,0,0,54895400,0,0,0,0,0
1/27/2022,0,0,0,0,0,0,0,0,0,0
1/28/2022,179935700,74392000,30518000,5471500,61945400,21871600,7854700,54377400,49743700,134789100
1/31/2022,115541600,78308000,34056000,0,51828400,21579500,10594200,56468000,46444500,104436000
2/1/2022,86213900,59220000,51204000,6206400,35386100,18023800,0,0,0,0
2/2/2022,84914300,0,0,5357200,37962700,0,9287600,0,36636000,0
2/3/2022,0,0,0,6100800,0,0,8207200,0,0,78855600
2/4/2022,82465400,253456000,0,0,32431500,89342200,5570200,35482900,35096500,73625400
2/7/2022,0,0,0,0,27558500,0,0,37686800,0,0
2/8/2022,74829200,76040000,34256000,0,28051200,0,6585300,41035900,32421200,50729100
2/9/2022,71285000,0,28628000,0,35217300,86563300,8755900,52428200,31284700,0
2/10/2022,0,68268000,0,0,0,0,0,0,0,0
2/11/2022,0,0,0,0,0,0,0,0,0,0
2/14/2022,86185500,83230000,26792000,0,0,0,0,44042400,36359500,67756500
2/15/2022,62527400,0,0,0,35837900,42685500,5712800,69986900,27058300,57286200
2/16/2022,61177400,52704000,25610000,0,26022900,45817500,0,73267600,29982100,51294300
2/17/2022,0,0,0,0,0,0,0,0,0,0
2/18/2022,0,0,0,0,0,0,0,0,0,0
2/22/2022,0,0,0,0,0,0,8039000,63342200,41736100,0
2/23/2022,0,0,0,0,0,0,0,0,0,0
2/24/2022,141147500,100786000,43166000,6563200,72740100,49957200,11240500,73580100,56989700,135322200
2/25/2022,91974200,62396000,26236000,4460900,39266300,37627600,8291800,52886600,32546700,76067700
2/28/2022,95056600,57684000,29676000,6757300,41946100,34239800,9234400,47731900,34627500,99006900
3/1/2022,0,0,0,0,0,0,8752100,0,0,0
3/2/2022,79724800,47334000,23966000,4891400,46936500,29452100,8527200,38964200,31873000,74643300
3/3/2022,0,0,0,5206600,0,0,0,0,0,0
3/4/2022,0,0,0,4402400,38310700,0,0,0,0,0
3/7/2022,0,0,0,0,0,0,0,0,0,0
3/8/2022,0,0,35250000,0,0,37508100,0,55746700,0,80399100
3/9/2022,91454900,0,32258000,0,0,31894700,8959500,49274200,35204500,59184000
3/10/2022,0,135062000,24266000,0,0,24853000,13812600,42806600,30628000,0
3/11/2022,0,0,0,0,0,0,22795800,0,0,0
3/14/2022,0,0,0,0,0,0,0,0,0,0
3/15/2022,92964300,75584000,30292000,4021200,34448900,31721700,16847200,49199600,34245100,66841200
3/16/2022,102300200,84958000,32058000,4292800,38885500,40640300,0,67142200,37826300,84028800
3/17/2022,75615400,72934000,23994000,3671900,28555000,29499700,10462400,47194100,30816600,66582900
3/18/2022,123511700,102962000,45900000,7466000,46237100,52128000,24176000,73071900,43390600,100414200
3/21/2022,95811400,66538000,0,0,0,0,0,59172700,28351200,81981600
3/22/2022,81532000,64086000,29776000,2690200,27923300,31998800,9292300,0,27599700,105868500
3/23/2022,98062700,0,0,0,0,23717300,0,0,0,120676200
3/24/2022,90131400,0,20544000,2971100,51677900,31502300,7025700,87737900,24484500,68920800
3/25/2022,80546200,49032000,0,3530200,33239800,40039000,0,0,0,62031600
3/28/2022,90371900,59854000,23774000,2483500,22932400,26224100,6626700,42549400,29578200,102506100
3/29/2022,100589400,0,28678000,0,27303700,31417900,0,0,30393400,0
3/30/2022,0,0,0,2622900,0,0,0,0,28163600,59865000
3/31/2022,0,0,0,0,0,0,0,0,0,0
4/1/2022,78751300,0,23480000,4012400,0,19544800,0,0,27110500,54263100
4/4/2022,76468400,49882000,19076000,2809800,23784900,28054800,7882400,39712000,24289600,82035900
4/5/2022,0,0,0,0,0,0,0,0,0,0
4/6/2022,0,0,0,3958100,31518700,0,5492400,0,0,0
4/7/2022,77594700,0,0,0,24117000,0,7112200,0,31411200,79447200
4/8/2022,0,0,0,0,0,0,0,0,0,0
4/11/2022,0,0,0,0,0,0,0,0,0,0
4/12/2022,0,0,0,0,0,0,0,0,0,0
4/13/2022,70618900,53390000,19542000,3064900,22171300,19231800,4728600,51694300,21907200,55121100
4/14/2022,0,0,0,0,0,0,0,0,0,0
4/18/2022,69023900,46514000,14918000,0,25593100,16580800,0,52570100,20778000,51715200
4/19/2022,67723800,54926000,22720000,7971400,31483100,20089900,5412400,51278100,22297700,49847700
4/20/2022,0,0,0,17859200,0,0,9472600,0,0,0
4/21/2022,0,0,0,9922300,0,0,0,0,0,0
4/22/2022,0,0,0,0,0,0,0,0,0,0
4/25/2022,96046400,61874000,34522000,5748300,35999300,29281100,7305900,64156600,35678900,68341200
4/26/2022,0,0,0,0,0,0,0,0,0,0
4/27/2022,88063200,0,62238000,0,0,71062900,7279200,0,63477700,0
4/28/2022,130216800,117316000,36790000,0,41097000,100890600,6177900,57032700,33646600,0
4/29/2022,0,0,0,0,0,0,0,0,0,0
5/2/2022,123055300,148788000,30280000,4213500,45446500,49915300,7379900,57204900,35151100,75781500
5/3/2022,88966500,79134000,21216000,0,40158400,41556300,0,47575100,0,63709500
5/4/2022,108256500,110746000,33232000,5932600,44625600,41375900,6759900,64885500,33599300,81643800
5/5/2022,0,0,0,0,0,0,0,0,0,0
5/6/2022,116124600,0,35310000,7306400,0,0,6222500,0,0,0
5/9/2022,0,0,0,7647900,0,0,0,0,0,0
5/10/2022,0,0,0,0,0,0,8129000,0,0,0
5/11/2022,0,0,36502000,5301100,0,0,0,0,0,0
5/12/2022,0,132026000,41464000,5384800,42329600,38262200,0,0,0,140313000
5/13/2022,113990900,93684000,29738000,4195100,32034100,24549800,6700100,67043700,34925100,0
5/16/2022,0,0,0,4250400,0,27112600,0,0,32550900,0
5/17/2022,78336300,76448000,0,4372900,28596600,24872700,5952500,58583000,28828800,80236200
5/18/2022,0,0,0,0,0,0,0,0,0,0
5/19/2022,0,88142000,0,0,0,24446900,0,62131000,0,90296700
5/20/2022,0,0,0,0,0,0,7531100,0,0,0
5/23/2022,117726300,0,31558000,3591500,27199500,25059200,7370200,63988900,33175400,88903500
5/24/2022,0,102934000,0,4189700,0,50406300,0,0,29043900,0
5/25/2022,92482700,93120000,37900000,3299300,26283100,28030200,7103300,78113200,28547900,92139300
5/26/2022,90601500,93002000,30288000,3929300,28826700,23056500,6758900,99657500,25002100,106003200
5/27/2022,90978500,93660000,29924000,4608000,30553300,22562700,6566700,73837900,26910800,89295000
5/31/2022,0,144634000,51302000,7978100,41111500,0,0,0,0,0
6/1/2022,0,0,0,0,0,0,0,0,0,0
6/2/2022,72348100,100560000,27472000,3734800,28727600,31951600,6200400,64865600,44008200,93473100
6/3/2022,0,0,0,4352200,0,0,0,0,0,0
6/6/2022,0,0,23786000,0,0,30574200,5274700,0,0,0
6/7/2022,67808200,85156700,26414000,2887100,25168700,18828700,5675700,38891400,22860700,72808500
6/8/2022,0,0,22544000,0,0,22267200,0,0,0,76210500
6/9/2022,0,0,0,0,0,0,0,0,0,0
6/10/2022,0,0,0,0,0,0,0,0,0,0
6/13/2022,0,0,0,6486000,0,0,0,0,0,0
6/14/2022,0,0,25480000,4607800,0,0,0,46968000,28651500,97988700
6/15/2022,91533000,85011100,33192000,4606900,37652300,30008300,0,56393600,33111700,119131800
6/16/2022,0,0,0,5386400,0,0,10686000,0,0,0
6/17/2022,134520300,99772100,43516000,0,0,31374200,0,63033400,43084800,92641800
6/21/2022,81000500,70901200,39010000,4089300,34004900,0,0,48308900,29928300,122793000
6/22/2022,73409200,60040100,23922000,3791500,32571000,0,0,43713500,25939900,101107500
6/23/2022,72433800,64345300,0,4547900,0,40499200,8775800,0,25861400,0
6/24/2022,89116800,69867600,39122000,11493000,38159900,68736000,20132600,47215300,33923200,95770800
6/27/2022,0,0,0,3936000,0,0,8840600,0,0,0
6/28/2022,0,0,0,0,0,0,0,0,0,0
6/29/2022,66242400,66375300,18628000,0,0,28595200,8077900,0,20069800,0
6/30/2022,0,0,0,4878000,35141000,0,9888600,0,0,0
7/1/2022,71051600,73021200,31028000,4011900,0,0,7805600,0,22837700,74460300
7/5/2022,73353800,76583700,36398000,0,33215000,28618600,9040400,65139700,22941000,84581100
7/6/2022,74064300,66958900,28852000,3237000,26258300,23085900,0,52906600,23824400,71853600
7/7/2022,66253700,57872300,32184000,3897100,33165400,24083400,0,49290300,20859900,81930600
7/8/2022,64547800,45719700,29082000,0,22566300,19249200,4927300,46797200,19658800,101854200
7/11/2022,0,0,0,3904700,0,0,4543300,0,0,0
7/12/2022,77588800,0,0,0,0,0,0,0,0,0
7/13/2022,71185600,61353800,0,0,27059200,16555100,6454800,52191800,29497400,97954500
7/14/2022,78140700,51163100,32366000,5298400,36690700,0,4915500,45623500,25102800,78557400
7/15/2022,76259900,84317800,0,0,32892300,23342800,5134100,38593500,29774100,69683100
7/18/2022,0,0,0,0,0,23574300,0,0,0,0
7/19/2022,82982400,60990000,30992300,0,53095300,25933700,7160300,70236600,25012600,80890200
7/20/2022,64823400,71268300,26780100,0,36387900,24784300,5655700,76053800,22788300,88864200
7/21/2022,65086600,60239900,0,0,29661200,27195800,7005100,55704900,22404700,142032300
7/22/2022,0,0,0,6467200,0,0,6659800,0,0,0
7/25/2022,0,0,0,4702400,0,0,0,48074800,0,0
7/26/2022,0,0,0,0,0,0,0,0,0,0
7/27/2022,78620700,61582000,41474600,4175600,42571600,43846600,6677200,56977600,45994000,88110000
7/28/2022,81378700,82245500,23303800,3913700,0,0,5688100,47464600,33459300,84723000
7/29/2022,101786900,148892900,31336200,5786800,125292400,42065400,5926600,43546000,32152800,95313000
8/1/2022,67829400,76846900,0,4142100,52513400,40596700,5227500,47646900,21539600,0
8/2/2022,0,0,17911000,0,0,27374500,0,48952700,0,95577600
8/3/2022,82507500,71827800,25302800,3088500,59513900,31721900,6127800,41814600,23518900,80091000
8/4/2022,0,70585000,15757700,0,0,23938200,0,40965200,18098700,0
8/5/2022,56697000,50686900,15615700,2586500,40205100,25832700,4858100,38606800,16774600,0
8/8/2022,0,0,0,0,41534600,27299100,0,98185900,0,0
8/9/2022,63135500,0,0,0,0,0,4243700,0,23405200,0
8/10/2022,70170500,0,20497000,3664000,42243300,30262100,0,59742200,24687800,0
8/11/2022,0,0,0,3501900,0,0,0,0,0,0
8/12/2022,68039400,47643500,16121100,2766900,37675200,0,6692300,47809400,22619700,79657200
8/15/2022,54091700,39014600,15525000,2791200,25400600,15878700,3733500,45766600,18085700,89359200
8/16/2022,56377100,59102900,15626200,4313600,25000200,21156700,6185100,0,18102900,0
8/17/2022,79542000,0,0,3667600,0,0,5185100,0,18253400,68766000
8/18/2022,62290100,37458700,15652000,3177700,24598200,18844500,4120500,41544700,0,0
8/19/2022,0,0,0,0,0,0,0,0,0,0
8/22/2022,0,0,0,0,0,0,0,0,0,0
8/23/2022,54147100,36252100,14390700,0,0,0,4432300,36998600,0,63984900
8/24/2022,53841500,38627000,16051200,0,0,20891500,0,52266100,18137000,0
8/25/2022,51218200,37496300,14874700,2706000,29799100,15550500,3523400,77069100,16583400,0
8/26/2022,0,0,0,0,0,0,0,0,0,0
8/29/2022,73314000,0,0,2783000,0,0,4295500,0,0,41864700
8/30/2022,0,0,0,0,0,0,0,0,0,0
8/31/2022,0,0,0,0,0,0,0,0,0,0
9/1/2022,74229900,56636100,22784400,3396200,36440700,30145700,8139800,0,23263400,54287000
9/2/2022,0,0,0,0,0,0,0,0,0,0
9/6/2022,0,0,0,0,0,0,0,0,0,55860000
9/7/2022,87449600,47900300,22987200,2401500,37329500,16831200,5792600,51265700,24126700,50028900
9/8/2022,0,43988500,21660700,2964600,37359500,22530800,6897100,62487300,20319900,53713100
9/9/2022,68028800,49387600,21732900,3291900,34069500,22086800,7762400,48661200,22084700,54338100
9/12/2022,104956000,53826900,0,3741100,0,23220400,15628900,48415900,18747700,48674600
9/13/2022,0,0,0,0,0,0,0,0,0,0
9/14/2022,87965400,45316800,22115800,3819100,0,0,0,0,0,72628700
9/15/2022,0,0,0,0,0,0,0,0,0,64795500
9/16/2022,0,115667800,64540100,9839700,72748000,0,0,67075100,39791800,87087800
9/19/2022,81474200,47279700,19738600,3981600,33151900,22169500,8364000,56968500,26826900,60231200
9/20/2022,107689800,0,0,0,0,23217400,0,0,26660300,61642800
9/21/2022,0,0,0,0,0,0,0,80767900,0,0
9/22/2022,86652500,55229200,21272700,4046600,0,34418500,0,0,31061200,0
9/23/2022,0,0,0,0,0,0,0,66330900,0,0
9/26/2022,93339400,62723300,22437900,0,0,0,0,0,27694200,58076900
9/27/2022,0,0,0,0,0,0,0,0,0,0
9/28/2022,146691400,55763800,24617000,4996400,40433400,32658500,8549900,54241400,29029700,54664800
9/29/2022,0,0,0,0,0,0,0,0,0,0
9/30/2022,0,0,0,0,0,0,0,56563800,0,0
10/3/2022,114311700,50941900,24840000,4261700,44096200,27723100,9661400,54747800,28880400,0
10/4/2022,87830100,62812600,22580900,4566100,42427500,0,9892600,58418200,34888400,0
10/5/2022,79471000,48217500,18475500,3212900,30120000,27979300,9201600,50713100,20347100,0
10/6/2022,0,0,17156200,0,0,36231100,0,0,0,0
10/7/2022,0,0,0,0,0,0,0,0,0,0
10/10/2022,0,0,0,0,0,24024000,0,0,0,0
10/11/2022,0,0,0,4043100,48134900,0,7376900,66748200,0,0
10/12/2022,0,45728700,17343400,0,39634100,0,9008600,0,21903900,66860700
10/13/2022,113224000,86868100,32812200,5837500,62447000,34325700,10147100,85010300,42551800,91483000
10/14/2022,0,0,0,0,0,0,0,0,0,0
10/17/2022,85250900,62782000,23311600,0,39416500,29612200,11368300,58077400,28142300,79428800
10/18/2022,0,0,0,0,0,0,0,0,0,0
10/19/2022,61758300,47198100,0,5906600,33882300,30691000,0,52313100,0,66571500
10/20/2022,64522000,48795100,0,13623100,0,0,17600500,65239800,21811000,0
10/21/2022,86548600,55660500,28988700,7201300,53058700,46348600,15652600,60949400,26299700,75713800
10/24/2022,75981900,0,24680800,5610900,43831600,63563400,0,51745700,24911200,100446800
10/25/2022,74732300,50934600,29910200,5957600,32205300,38433200,0,50548200,34775500,96507900
10/26/2022,0,0,0,5139000,37111100,0,10693600,53295300,82543200,85012500
10/27/2022,0,0,0,0,0,0,7053000,0,0,0
10/28/2022,164762400,223133400,35696900,5965500,91695700,0,8758100,52104000,40647700,69152400
10/31/2022,97943200,0,0,4915300,0,0,12349000,0,0,61554300
11/1/2022,0,0,0,0,0,110189600,0,0,0,0
11/2/2022,0,0,0,0,0,0,0,0,0,0
11/3/2022,0,0,0,0,0,0,6761200,50006500,0,56538800
11/4/2022,0,0,40173300,4178000,43051900,55638100,7219000,61257600,36789100,0
11/7/2022,83374600,0,26899900,4043100,34389800,81987300,5394300,41006100,33498000,0
11/8/2022,0,0,0,5042800,0,52088300,0,0,28192500,0
11/9/2022,0,0,0,0,0,0,6013700,0,0,0
11/10/2022,118854000,173414900,42371200,5389000,62943900,80671000,0,70081900,46268000,132703000
11/11/2022,93979700,111590500,30569100,5871300,49826500,59961700,7712900,65548700,34620200,114403600
11/14/2022,0,0,24170100,5293500,39395300,53395000,7153000,52785200,0,0
11/15/2022,0,0,31831000,4727100,0,50670500,7618500,0,0,0
11/16/2022,0,87958800,24660200,3445200,0,0,6011900,0,0,0
11/17/2022,80389400,0,21818700,3954000,31983300,35093800,5717300,0,23123500,0
11/18/2022,0,0,0,4661700,0,0,0,0,0,0
11/21/2022,0,0,0,0,0,0,5235400,40473900,26394700,0
11/22/2022,51804100,62192000,18868900,7062100,25584100,29029000,8796200,47286600,19665700,78452300
11/23/2022,58301400,59414700,17568900,0,0,21343100,6347900,42724100,19508500,109536700
11/25/2022,0,0,0,2075200,0,12007600,0,0,9200800,0
11/28/2022,0,74943100,0,0,0,0,0,0,0,92905200
11/29/2022,0,0,0,2754700,24361500,0,0,0,0,0
11/30/2022,111380900,102805800,39888100,6377600,72072500,43348600,9610300,56529800,47594200,109186400
12/1/2022,71250400,0,0,0,0,36551400,6127200,47097700,26041500,0
12/2/2022,65447400,0,18821500,2900000,31546000,39950500,4798900,37138900,21528500,73645900
12/5/2022,0,0,19955500,0,0,35474900,0,0,0,0
12/6/2022,0,0,0,2847600,0,0,0,0,0,0
12/7/2022,0,68086900,0,0,28239900,29461100,5105500,37238800,0,0
12/8/2022,62128300,73305900,0,0,28486100,0,5918700,51545600,22611800,97624500
12/9/2022,0,67398500,0,0,0,26033400,6850800,0,20609700,104872300
12/12/2022,70462700,61999800,27380900,4032800,35117900,0,15807600,45732800,30665100,0
12/13/2022,0,0,0,8811500,0,0,0,0,0,0
12/14/2022,0,0,0,0,0,36922000,11183100,0,35410900,0
12/15/2022,0,0,0,0,0,0,0,0,0,122334500
12/16/2022,0,0,0,0,0,0,0,0,0,0
12/19/2022,0,0,0,0,0,0,7738800,0,0,0
12/20/2022,77432800,0,21976800,5156500,0,28742500,6390200,40326000,25150800,0
12/21/2022,85928000,59267200,20336400,3793700,28100900,20392800,5932400,32502500,23690600,0
12/22/2022,0,0,0,0,0,0,0,0,0,0
12/23/2022,63814900,57433700,17815000,2092500,23600900,17796600,4129100,34932600,21207000,0
12/27/2022,0,0,0,2742400,29548100,0,4290700,0,0,0
12/28/2022,0,0,0,0,0,0,0,35106600,0,221070500
12/29/2022,75703700,54995900,18280700,2337200,30944800,22366200,3867800,35492300,19770700,221923300
12/30/2022,77034200,62401200,19190300,2858000,31030100,19583800,5375700,31049000,21938500,157777300
1/3/2023,0,76706000,0,3338600,0,35528500,8997500,0,0,0
1/4/2023,0,0,0,3869200,37665200,0,7836200,43132400,0,180389000
1/5/2023,0,0,0,0,33552600,25447100,0,0,0,0
1/6/2023,87754700,83303400,26612600,3574000,31788600,27584500,8641600,40504400,43613600,220911100
1/9/2023,0,0,0,0,37493200,0,0,50423100,27369800,190284000
1/10/2023,63896200,67756600,22855600,2152100,23008100,28684400,5703300,38410100,27033900,0
1/11/2023,69458900,103126200,25998800,3268700,30375400,25423000,8359700,35328500,28669300,183810800
1/12/2023,0,0,0,2715900,28963900,30757700,6071100,55140900,27269500,169400900
1/13/2023,57809700,85549400,18630700,2455700,31361900,22423800,5090800,44728700,21333300,180714100
1/17/2023,63646600,0,0,0,0,0,0,51110200,29831300,186477000
1/18/2023,0,0,0,0,0,0,0,0,0,0
1/19/2023,58280400,0,28707700,4833900,0,28625200,0,0,0,0
1/20/2023,80223600,67481500,53704800,0,35158500,28688600,5567300,56496700,35389800,138858100
1/23/2023,81760300,0,31791800,5898400,38795800,27470100,7390200,65516300,31934000,203119200
1/24/2023,66435100,0,0,4407600,0,21970200,7004600,49620400,0,158699100
1/25/2023,65799300,94261600,0,7347500,28268000,26622000,5896800,44953700,66526600,192734300
1/26/2023,54105100,68523600,24542100,0,56088100,25482100,0,48953500,33454500,234815100
1/27/2023,70555800,87775600,29020400,0,148548200,35771900,0,54214200,0,306590600
1/30/2023,0,0,0,5375700,55145800,0,0,0,0,0
1/31/2023,65874500,66527300,22306800,0,52621600,29842100,6200400,49801700,26541100,196813500
2/1/2023,77663600,80450100,26392600,5428900,63330600,55661000,6141300,66047700,31259900,213806300
2/2/2023,118339000,158154200,46622600,6107800,62230700,150475700,0,56427600,39940400,217448300
2/3/2023,154357300,0,36823400,3755700,57603100,76809700,5671800,42936600,0,232662000
2/6/2023,0,0,25573000,4841300,0,0,0,45219700,0,186188100
2/7/2023,83322600,119501300,33738800,3737600,50780800,47080700,0,66415000,50841400,186010300
2/8/2023,0,0,0,4593700,0,0,0,0,0,180673600
2/9/2023,0,0,0,0,0,0,0,0,0,0
2/10/2023,57450700,52740100,0,5049600,31232500,0,5318400,0,25818500,0
2/13/2023,62199000,52841500,0,4403000,32347500,31463200,5560900,47491900,44630900,172475500
2/14/2023,61707600,56202900,42513100,0,27928900,24034600,7484800,67547400,0,216455700
2/15/2023,65573800,47957600,36964500,2506700,23359400,25308900,0,42057500,28922400,181006400
2/16/2023,68167900,0,35642100,0,0,0,5942500,0,0,0
2/17/2023,59144100,0,0,3466200,0,24171300,6398400,0,0,213738500
2/21/2023,0,0,0,0,0,0,0,0,0,0
2/22/2023,51011300,59534100,0,0,0,22433200,0,51318400,0,191828500
2/23/2023,0,0,0,0,0,20017800,8637100,111799500,0,0
2/24/2023,0,0,0,3015800,0,19791300,7659200,58971600,0,142228100
2/27/2023,44998500,0,22724300,0,0,0,0,0,0,161028300
2/28/2023,50547000,43959300,30546900,0,0,46051100,0,0,22491000,0
3/1/2023,0,0,26323900,0,47823400,0,0,0,0,0
3/2/2023,52238100,55509400,23328600,3340100,48309300,17352000,5293600,38941500,24808200,181500700
3/3/2023,70732300,55759600,30242500,2860300,36744900,45877700,5498500,41239300,30760100,154193300
3/6/2023,87558000,0,28288200,3131200,0,0,7424800,0,24109800,0
3/7/2023,0,0,0,0,0,0,0,0,0,0
3/8/2023,47204800,44899100,25395200,0,36071900,19432400,5159200,51357300,0,0
3/9/2023,0,0,0,0,54886100,0,0,0,0,0
3/10/2023,0,0,0,0,65187000,0,0,0,0,0
3/13/2023,84457100,72397100,31508600,8188400,50977000,24728000,10299800,42189000,33339700,167790300
3/14/2023,73695900,60912700,32303900,0,47689800,41642600,0,47491000,33620300,143717900
3/15/2023,77167900,70731800,38367300,5989300,49322800,42123600,0,52448600,46028000,0
3/16/2023,76161100,84446900,54499500,6438700,75779500,50447100,10148100,58325300,54768800,121136800
3/17/2023,0,0,76140300,0,0,0,13065800,0,69527400,0
3/20/2023,73641400,0,26033900,4588300,0,0,9177300,43274700,0,129684400
3/21/2023,73938300,58597300,33122800,0,0,0,6683700,54740800,0,153391400
3/22/2023,0,0,0,0,0,0,7233700,79729500,0,0
3/23/2023,67622100,0,31385800,0,43785500,27389700,0,56488900,0,0
3/24/2023,59196500,56095400,25236200,3812300,55912100,27716400,5852100,0,28172000,0
3/27/2023,0,0,0,6524100,0,0,8170100,0,0,0
3/28/2023,0,0,0,2888900,37407900,19127300,0,0,0,0
3/29/2023,51305700,49783300,0,0,85556200,18851100,5233600,39369400,25087000,123660000
3/30/2023,49501700,53633400,0,0,70077600,22608300,0,36451600,0,0
3/31/2023,68749800,56750300,28108000,4524700,59765000,25440300,10476300,43393300,32766000,170222100
4/3/2023,56976200,41135700,20719900,3840100,0,17924600,8410900,39871600,24883300,0
4/4/2023,0,48662500,20377200,0,55714100,21026400,6651500,0,0,0
4/5/2023,0,0,0,2898700,39615700,0,7478800,51501500,0,0
4/6/2023,45390100,43808000,34684200,0,28551900,26104400,9146200,39765400,29770300,123857900
4/10/2023,47716900,37261200,0,2614400,0,16106100,0,39527900,23103000,142154600
4/11/2023,0,0,0,0,0,0,8196000,0,0,115770900
4/12/2023,0,0,0,0,0,0,0,0,0,0
4/13/2023,68445600,67925100,21650700,0,29722300,23310400,6240200,0,24222700,112933000
4/14/2023,49386500,51450500,20758700,0,0,21591200,6485100,39566000,0,96438700
4/17/2023,41516200,0,29043400,0,29601100,0,0,32147100,0,116662200
4/18/2023,49923000,0,0,0,0,0,7219400,60481200,0,0
4/19/2023,47720200,58398900,16732000,0,25746600,15898100,4766200,35866000,17150300,125732700
4/20/2023,52456400,57696900,22515300,0,30255100,0,0,0,23244400,0
4/21/2023,0,86774200,0,0,0,17717200,7335800,34510300,21676400,123539000
4/24/2023,41949600,0,21410900,0,0,0,4901700,33928200,0,0
4/25/2023,0,0,0,4275400,0,0,0,0,0,121999300
4/26/2023,45498800,0,0,4070200,0,0,0,0,0,0
4/27/2023,64902300,149961200,38235200,3204900,60186200,0,5615700,0,46462600,127015200
4/28/2023,55209200,0,23957900,0,0,39554000,8498500,29168700,36446700,122515800
5/1/2023,52472900,0,0,0,0,29143900,5459800,57032900,0,0
5/2/2023,0,73469400,0,0,0,0,0,0,0,0
5/3/2023,0,0,0,0,45554500,0,0,0,0,119728000
5/4/2023,81235400,0,0,0,46104000,0,0,0,0,0
5/5/2023,113316400,56912900,20705300,4970800,0,26978900,8062700,36101400,28181200,107440900
5/8/2023,55962800,49430900,17266000,0,30882800,16400500,0,34497900,0,0
5/9/2023,0,44089400,0,0,0,16865600,0,0,0,88965000
5/10/2023,53724500,78627600,47533500,4189200,0,0,5935300,0,30078000,0
5/11/2023,0,74924800,57115100,0,0,20449000,0,0,31680200,103889900
5/12/2023,0,0,31272500,4560500,0,0,4994700,0,0,0
5/15/2023,0,53011100,22107900,2915700,28717500,20653200,0,29392600,16336500,0
5/16/2023,42110300,71472900,32370100,2748400,0,18163800,6896500,44940500,26730300,98288800
5/17/2023,57951600,65655200,26659600,4515100,0,21193100,9436000,43253500,24315000,125473600
5/18/2023,65496700,73174100,27014500,3797900,36529200,22943300,10005700,74872500,27276000,109520300
5/19/2023,0,0,0,4305800,40668700,0,8558900,0,27529500,136024200
5/22/2023,43570900,0,29760200,0,28693400,27738500,0,37200000,24115700,132001400
5/23/2023,0,67576300,0,4592300,0,0,0,0,0,0
5/24/2023,45143500,63487900,0,0,0,17724300,6815900,72141900,0,137605100
5/25/2023,56058300,0,0,4102900,0,0,16729600,0,43301700,0
5/26/2023,54835000,96779900,25154700,5612600,71910600,25727200,0,71439700,36630600,162061500
5/30/2023,55964400,0,0,0,54874800,0,10296700,0,0,128818700
5/31/2023,0,0,0,11590200,136243800,25473700,13713500,0,0,150711700
6/1/2023,68901800,54375100,25017700,4136100,0,25609500,7835900,63587300,26773900,148029900
6/2/2023,0,0,19362400,5373900,0,0,0,0,25864000,164129000
6/5/2023,0,47950100,22672500,0,0,20742900,7442000,39609400,21307100,0
6/6/2023,0,45695200,19450100,3298000,42295300,19419000,7023000,0,0,146911600
6/7/2023,0,0,0,5770800,39098000,0,0,0,0,0